,average,standard deviation,bytes_distribution,percentage_sum,percentage_avg,percentage_std,percentage_median,percentage_max,percentage_min
c,31%,36%,0.2232949605,394.8275298,0.3092,0.3565,0.1061,1,2.87E-07
c++,34%,38%,0.1459210283,370.8648855,0.3434,0.3754,0.1263,1,2.87E-07
java,58%,43%,0.1386656044,569.2035666,0.5814,0.4263,0.7858,1,5.85E-07
c#,59%,44%,0.08294048759,222.9710454,0.5914,0.4404,0.8623,1,5.81E-07
javascript,49%,42%,0.07049747899,1471.311476,0.4913,0.4162,0.4773,1,1.09E-06
python,43%,44%,0.06658261378,885.5703839,0.433,0.4388,0.1905,1,7.52E-07
html,12%,20%,0.04653888353,325.513279,0.1162,0.203,0.029,1,2.81E-07
php,59%,44%,0.03755460188,460.1768941,0.587,0.4395,0.8357,1,4.61E-07
go,72%,40%,0.02032383314,332.6893342,0.7217,0.3954,0.9695,1,8.67E-06
ruby,37%,44%,0.01953117335,467.0607784,0.366,0.4366,0.0351,1,2.74E-07
typescript,32%,36%,0.01291208011,104.7132574,0.3183,0.3633,0.1188,1,1.12E-05
objective-c,28%,40%,0.01114138897,204.0918339,0.2803,0.4019,0.0147,1,1.35E-06
jupyter,32%,39%,0.00922726465,25.43788824,0.322,0.3888,0.1054,0.9999673941,7.38E-05
assembly,5%,15%,0.007469708708,11.05345592,0.0502,0.1479,0.0049,1,3.24E-06
tsql,3%,12%,0.006849467564,8.163919467,0.0332,0.1198,0.0028,1,3.39E-06
css,9%,17%,0.006759434535,184.6349671,0.0886,0.1743,0.0214,1,1.77E-06
scala,45%,44%,0.006496913681,74.54365797,0.4545,0.4424,0.2638,1,1.55E-06
shell,6%,20%,0.006230593007,198.6560165,0.0615,0.1958,0.0035,1,5.23E-07
perl,7%,19%,0.005660822141,28.56515583,0.0667,0.188,0.0036,1,1.25E-06
llvm,4%,11%,0.004932994054,0.9328531623,0.0373,0.106,0.0035,0.4926380402,6.62E-06
ocaml,33%,41%,0.00389909691,10.21328914,0.3295,0.4115,0.0368,0.993410294,3.77E-06
roff,2%,8%,0.003820068528,8.262321431,0.0244,0.0803,0.0034,0.8656816782,1.38E-07
makefile,2%,8%,0.00355871348,31.70811946,0.0179,0.0809,0.0035,1,6.79E-07
rust,58%,46%,0.003321245298,55.24839546,0.5755,0.4613,0.8934,1,1.93E-06
mathemat,14%,30%,0.003277029621,1.917839431,0.137,0.2988,0.0033,1,1.95E-06
kotlin,28%,36%,0.003182947659,28.51678916,0.2823,0.3564,0.1207,1,1.41E-05
visual basic,2%,8%,0.002536424872,0.4543578933,0.0207,0.0757,0.0011,0.3576761243,4.28E-06
lua,11%,25%,0.002520142145,22.47527937,0.1135,0.2489,0.0057,1,2.88E-07
groovy,8%,22%,0.002083179899,12.17627033,0.0828,0.219,0.0031,1,3.32E-06
cmake,2%,5%,0.002009225723,10.33400847,0.0203,0.0502,0.0099,0.9938200511,4.09E-06
fortran,3%,10%,0.001978125383,0.6309327855,0.0252,0.0984,0.001,0.4951059069,7.94E-06
tex,14%,30%,0.001767749594,18.34779975,0.1411,0.2965,0.0076,1,7.36E-07
swift,48%,43%,0.00174121476,98.38039418,0.4846,0.4331,0.4471,1,9.60E-07
f#,16%,32%,0.001423628385,5.469428394,0.1563,0.3156,0.0036,0.9983353571,2.79E-06
vim script,45%,46%,0.001366901223,84.64773891,0.4503,0.4559,0.2506,1,1.08E-05
nix,4%,16%,0.0013420945,1.248443427,0.0367,0.1636,0.0009,0.9527071232,1.55E-05
common lisp,24%,39%,0.001316453442,6.532802187,0.242,0.388,0.0041,0.9978322937,4.42E-06
erlang,35%,44%,0.001312397339,16.40533355,0.349,0.4389,0.0301,1,3.41E-06
haskell,44%,44%,0.001250292445,29.02510337,0.4398,0.4413,0.2214,1,3.58E-06
powershell,4%,17%,0.001049775216,12.12425991,0.0436,0.1709,0.0015,1,2.36E-06
d,15%,35%,0.0009722074837,2.899645734,0.1526,0.3492,0.0016,0.9740423522,1.82E-06
scheme,7%,19%,0.000925594884,2.635459295,0.0712,0.187,0.0023,0.8045210102,2.64E-06
xslt,1%,5%,0.000880149602,2.060617543,0.013,0.0491,0.0016,0.4987593869,3.61E-06
m4,2%,3%,0.0008588877866,5.070900939,0.018,0.0332,0.0077,0.2835510488,3.07E-06
clojure,54%,46%,0.000823647158,51.28761136,0.5399,0.4556,0.754,1,1.63E-06
racket,19%,34%,0.0007933724014,1.52773171,0.191,0.3358,0.009,0.8983072606,0.0002306092966
stan,29%,50%,0.0007744736231,0.8707335636,0.2902,0.5027,0,0.8706709676,2.54E-05
emacs lisp,23%,39%,0.0007724928844,35.36217324,0.2281,0.3934,0.002,1,1.12E-06
haxe,28%,39%,0.0007311450425,4.172294244,0.2782,0.3857,0.0043,0.9997988103,3.13E-06
coffeescript,24%,34%,0.0007064068636,44.52855201,0.242,0.3415,0.0409,1,4.54E-07
objective-c++,3%,11%,0.0007012563805,5.113172039,0.0339,0.11,0.0029,0.8491342496,4.54E-06
hack,3%,13%,0.0006958279261,1.681421061,0.0259,0.1269,0.0006,0.9982454408,2.52E-07
plpgsql,3%,10%,0.0006874262898,2.436548025,0.029,0.1029,0.0014,0.6553502607,2.80E-06
r,23%,39%,0.0006795568693,20.46557297,0.2326,0.3895,0.0032,1,5.09E-07
dm,91%,91%,0.0006705831562,0.9099579235,0.9099579235,0.9099579235,0.9099579235,0.9099579235,0.9099579235
chapel,30%,42%,0.0006421102918,0.5902784602,0.2951,0.4166,0.2951,0.5897244691,0.0005539910438
actionscript,14%,27%,0.000569702885,4.127717049,0.1423,0.2652,0.0213,0.9999023745,7.93E-06
julia,45%,50%,0.000508053262,6.70946506,0.4473,0.4975,0.0213,1,1.47E-06
glsl,1%,4%,0.0004763850285,1.263784421,0.0126,0.0373,0.0026,0.3047814362,3.58E-06
yacc,1%,2%,0.0004665063621,1.229833121,0.0117,0.0225,0.0033,0.1227992252,1.41E-05
pawn,1%,3%,0.0004483196304,0.2338813173,0.0081,0.0322,0.0002,0.1715505743,4.61E-06
elixir,46%,46%,0.0004424502815,17.78640733,0.4561,0.4564,0.2571,1,4.84E-06
pony,39%,51%,0.0004107518535,1.166508935,0.3888,0.509,0.1995,0.9654109279,0.001615807211
cuda,5%,9%,0.0004001007517,2.303489649,0.0548,0.0914,0.0178,0.4618826858,7.48E-05
coq,9%,16%,0.0003869123008,0.7957439286,0.0884,0.1589,0.0038,0.439654683,2.44E-06
nim,21%,38%,0.000381079368,0.8210130397,0.2053,0.3778,0.0251,0.7708158629,6.26E-05
rich text format,4%,11%,0.0003740193262,3.302940419,0.0371,0.1142,0.0025,0.8652274704,5.21E-06
tcl,2%,5%,0.0003562702903,1.129841107,0.0213,0.0516,0.0007,0.2535163243,1.33E-06
vue,11%,17%,0.00032244096,5.860890042,0.1127,0.1671,0.034,0.7175164309,4.71E-05
smarty,1%,3%,0.0002998467243,1.321240596,0.0115,0.0281,0.0012,0.1622288437,9.10E-07
perl 6,3%,13%,0.0002965335653,1.392034404,0.0253,0.1256,0.0005,0.9258225169,1.41E-06
f*,21%,31%,0.0002961255015,0.8287767728,0.2072,0.3115,0.0847,0.6592630505,0.0002133519397
crystal,26%,48%,0.0002856827728,1.0268391,0.2567,0.4845,0.022,0.9827523289,2.55E-05
gherkin,8%,13%,0.0002683108681,8.876473984,0.083,0.1287,0.0272,0.7697376752,5.82E-07
pascal,3%,13%,0.0002608406534,1.809716329,0.0341,0.133,0.0017,0.8846368246,4.01E-07
qml,14%,25%,0.0002487348072,2.081605312,0.1388,0.2527,0.0121,0.9232765183,1.80E-05
objective-j,21%,37%,0.0002459836015,0.6395595658,0.2132,0.3691,0.0001,0.6394210573,9.80E-06
ren'py,55%,55%,0.0002101542348,0.5539611074,0.5539611074,0.5539611074,0.5539611074,0.5539611074,0.5539611074
nsis,2%,9%,0.0001885016849,1.317355811,0.0167,0.0893,0.0016,0.7416609544,4.10E-05
batchfile,1%,5%,0.0001818767729,5.153500715,0.0064,0.046,0.0004,0.9589317774,4.19E-08
red,33%,44%,0.0001735592169,1.002671566,0.3342,0.4396,0.1705,0.8321976209,8.71E-07
freemarker,1%,2%,0.0001723930591,0.416996441,0.0102,0.0245,0.0014,0.1307537876,4.70E-07
mako,1%,4%,0.0001609779581,0.3416787943,0.01,0.0407,0.0004,0.2341333568,7.69E-05
lex,1%,2%,0.0001577549957,0.6772327378,0.0074,0.0209,0.0012,0.1246674144,1.13E-05
matlab,9%,24%,0.0001560830554,4.647773139,0.0894,0.2417,0.0019,1,1.08E-06
asp,1%,6%,0.0001458732348,0.4608641735,0.0112,0.0551,0.0002,0.3530855569,1.98E-06
pov-ray sdl,4%,11%,0.0001437927737,0.3046779008,0.0435,0.1141,0.0004,0.3023116444,2.77E-06
visual basic,12%,30%,0.000143765778,1.288138489,0.1171,0.2982,0.0095,1,3.98E-06
dockerfile,2%,9%,0.0001414210544,15.76323074,0.0181,0.0888,0.0009,0.9427795535,6.22E-07
digital command language,3%,16%,0.0001380510216,1.046950136,0.0338,0.163,0.0004,0.9099212335,1.28E-05
zeek,13%,23%,0.0001377993782,0.5024426004,0.1256,0.2338,0.0128,0.4759354066,0.0009694843267
antlr,4%,18%,0.0001358483769,0.8433135244,0.0422,0.1787,0.0011,0.8014012785,2.37E-05
dtrace,0%,0%,0.0001216791176,0.04061972903,0.0014,0.0025,0.0002,0.008882739215,1.82E-06
sqf,37%,37%,0.000117164369,0.3737747945,0.3737747945,0.3737747945,0.3737747945,0.3737747945,0.3737747945
gcc machine description,0%,0%,0.0001169978252,0.004003281853,0.004003281853,0.004003281853,0.004003281853,0.004003281853,0.004003281853
vala,17%,34%,0.0001156216424,1.68132137,0.1681,0.3395,0.0056,0.8955598028,3.40E-06
hlsl,1%,1%,0.0001056528146,0.2207480295,0.0092,0.0098,0.0058,0.03123336102,3.09E-05
frege,68%,68%,0.0001019326464,0.6782613618,0.6782613618,0.6782613618,0.6782613618,0.6782613618,0.6782613618
plsql,1%,3%,0.0001000097656,0.4607627163,0.009,0.0321,0.0011,0.1766119851,3.98E-06
zephir,9%,13%,9.38E-05,0.366626371,0.0917,0.1335,0.0418,0.2829830916,7.01E-05
xs,1%,1%,9.31E-05,0.1143783569,0.0082,0.013,0.0011,0.03531980905,1.51E-06
rpc,1%,2%,8.60E-05,0.1266116992,0.0115,0.0247,0.0027,0.08387689936,2.29E-05
elm,22%,33%,8.28E-05,2.459219665,0.2236,0.3259,0.0305,1,3.41E-06
smalltalk,1%,1%,7.75E-05,0.2358320742,0.0059,0.0149,0.0001,0.07508392832,7.37E-09
dart,10%,23%,7.61E-05,1.630591934,0.0959,0.2328,0.0356,0.9730364584,3.42E-06
vim snippet,7%,23%,7.49E-05,1.334979595,0.0703,0.2266,0.0019,0.9895987492,1.65E-06
gap,1%,2%,7.45E-05,0.2015962715,0.0063,0.0157,0.0019,0.08716736775,7.25E-06
supercollider,1%,2%,7.39E-05,0.05011631301,0.0125,0.0234,0.0012,0.04761563775,9.98E-07
awk,2%,11%,7.17E-05,1.29943407,0.0164,0.1116,0.0005,0.9860496022,3.05E-07
g-code,11%,15%,6.50E-05,0.3333745309,0.1111,0.151,0.0504,0.2829838124,3.65E-06
zenscript,6%,6%,6.03E-05,0.05665500228,0.05665500228,0.05665500228,0.05665500228,0.05665500228,0.05665500228
angelscript,1%,3%,5.94E-05,0.1592731723,0.0114,0.0337,0.0008,0.1278713845,4.10E-05
verilog,2%,5%,5.63E-05,0.2184451777,0.0182,0.0519,0.001,0.1820264009,1.92E-06
scilab,1%,3%,5.12E-05,0.1689327383,0.0121,0.0341,0.0001,0.1292431713,2.36E-07
vhdl,3%,5%,4.94E-05,0.2490999375,0.0311,0.0507,0.0137,0.1506342018,5.81E-06
thrift,1%,1%,4.93E-05,0.1808255815,0.0067,0.0124,0.0012,0.04820674704,1.87E-05
postscript,2%,8%,4.66E-05,0.620528259,0.0248,0.0777,0.0005,0.3396922693,1.73E-07
nesc,33%,33%,4.52E-05,0.3261244839,0.3261244839,0.3261244839,0.3261244839,0.3261244839,0.3261244839
qmake,1%,1%,4.51E-05,0.3144695609,0.005,0.0077,0.0013,0.03236337956,3.92E-06
robotframework,10%,16%,4.23E-05,0.3033812516,0.1011,0.163,0.0135,0.2892463161,0.0006222476891
idris,16%,23%,4.21E-05,0.3266850476,0.1633,0.2292,0.1633,0.3253924019,0.001292645769
sqlpl,3%,14%,4.08E-05,0.7589104043,0.0271,0.1397,0.0006,0.7400384721,4.62E-06
systemverilog,3%,6%,3.98E-05,0.1697325484,0.0283,0.0643,0.0014,0.1595150895,5.92E-05
meson,1%,3%,3.74E-05,0.26436657,0.0132,0.0275,0.0054,0.1254002231,3.37E-06
gdscript,99%,99%,3.74E-05,0.9917068686,0.9917068686,0.9917068686,0.9917068686,0.9917068686,0.9917068686
jsonnet,10%,23%,3.72E-05,0.5861772959,0.0977,0.2274,0.0025,0.5616666715,7.20E-05
rebol,1%,5%,3.59E-05,0.1801443526,0.0139,0.045,0.0005,0.1633573972,1.15E-06
apex,4%,7%,3.57E-05,0.1295462976,0.0432,0.0667,0.006,0.1202289325,0.003361961412
shaderlab,5%,12%,3.56E-05,0.4366007051,0.0546,0.1225,0.0155,0.3570707335,0.000196761223
ags script,1%,2%,3.13E-05,0.04956041743,0.0124,0.0157,0.0075,0.03448135884,7.51E-05
prolog,1%,4%,3.02E-05,0.2170174851,0.0094,0.0356,0.0008,0.172114848,2.57E-05
forth,0%,0%,2.97E-05,0.01667518827,0.0012,0.0026,0.0003,0.009723936559,3.20E-06
io,6%,13%,2.90E-05,0.322394959,0.0645,0.1312,0.0021,0.2985623898,9.80E-07
inno setup,1%,4%,2.80E-05,0.5220358771,0.0102,0.0435,0.001,0.3084275025,4.45E-05
ragel,2%,3%,2.60E-05,0.3774057296,0.0199,0.0333,0.006,0.1223403354,2.92E-05
ada,1%,2%,2.50E-05,0.1275171001,0.008,0.0155,0.0022,0.05946278628,6.93E-07
yara,15%,29%,2.42E-05,1.159833119,0.145,0.2928,0.0068,0.8455502172,2.52E-05
arc,11%,28%,2.40E-05,0.748182375,0.1069,0.2815,0.0005,0.7453607815,5.33E-07
livescript,19%,32%,2.13E-05,1.674775794,0.1861,0.319,0.0029,0.9722129081,4.02E-05
terra,6%,10%,2.08E-05,0.3844434254,0.0641,0.1026,0.0178,0.2626900441,2.41E-09
standard ml,0%,1%,2.03E-05,0.1115464898,0.0043,0.0095,0.0007,0.03554388089,3.88E-06
moonscript,19%,26%,1.99E-05,0.958944862,0.1918,0.2617,0.0119,0.5446953532,0.0004616592032
webidl,3%,0%,1.98E-05,0.05768194065,0.0288,0.0004,0.0288,0.02910278713,0.02857915353
volt,2%,3%,1.81E-05,0.09004315935,0.0225,0.0287,0.0147,0.06057610166,5.76E-05
yasnippet,27%,47%,1.70E-05,1.097379814,0.2743,0.465,0.0638,0.969423146,0.0002990327809
parrot,3%,3%,1.60E-05,0.0289682001,0.0289682001,0.0289682001,0.0289682001,0.0289682001,0.0289682001
ec,0%,0%,1.38E-05,0.005723439881,0.001,0.0021,0.0001,0.005141865395,2.81E-05
cartocss,22%,42%,1.37E-05,0.8759765119,0.219,0.4183,0.0147,0.8462618895,0.0003439472129
wdl,2%,2%,1.37E-05,0.01812457138,0.01812457138,0.01812457138,0.01812457138,0.01812457138,0.01812457138
nu,10%,20%,1.35E-05,0.4004270364,0.1001,0.1992,0.0005,0.398856611,0.0004847421633
vba,0%,1%,1.34E-05,0.07651592379,0.0048,0.0123,0.0002,0.04832823632,1.87E-06
1c enterprise,0%,0%,1.31E-05,0.001652201598,0.0006,0.0008,0.0001,0.001466856216,8.92E-05
smali,6%,10%,1.23E-05,0.2577399939,0.0644,0.095,0.0251,0.2044441057,0.003167247514
q,1%,1%,1.19E-05,0.02342154783,0.0059,0.008,0.0029,0.01740896756,0.000306919192
wisp,99%,99%,1.15E-05,0.9934661558,0.9934661558,0.9934661558,0.9934661558,0.9934661558,0.9934661558
openedge abl,0%,1%,1.02E-05,0.03151216104,0.0045,0.0104,0.0005,0.02797654771,4.48E-07
logos,1%,1%,8.93E-06,0.1430037215,0.0062,0.008,0.0023,0.0287428469,9.92E-08
protocol buffer,5%,6%,8.57E-06,0.2301969511,0.046,0.0619,0.0063,0.1361286633,0.0002395864624
metal,1%,1%,8.54E-06,0.03975911911,0.0066,0.012,0.0015,0.03082123824,4.68E-05
module management system,0%,0%,7.81E-06,0.007005370338,0.0004,0.0007,0.0002,0.002900969411,1.41E-06
hy,9%,20%,7.60E-06,0.4483692965,0.0897,0.1982,0.0013,0.4442661302,0.0005309080837
lfe,25%,25%,7.37E-06,0.2488597238,0.2488597238,0.2488597238,0.2488597238,0.2488597238,0.2488597238
common workflow language,15%,21%,7.18E-06,0.3012107929,0.1506,0.2128,0.1506,0.3010668146,0.000143978291
vbscript,1%,2%,7.11E-06,0.2097323001,0.0064,0.0219,0.0002,0.09983019669,3.54E-07
hiveql,0%,0%,6.88E-06,0.01491722889,0.003,0.0045,0.0001,0.01028104318,3.01E-07
processing,1%,1%,6.78E-06,0.04854303374,0.0054,0.0066,0.0043,0.02127252783,8.42E-05
hcl,1%,2%,6.16E-06,0.267943424,0.0079,0.0214,0.0007,0.1210551785,4.61E-06
smpl,0%,0%,6.14E-06,0.001783811775,0.0002,0.0001,0.0002,0.0004610031871,5.58E-06
p4,0%,0%,6.03E-06,0.00319570233,0.00319570233,0.00319570233,0.00319570233,0.00319570233,0.00319570233
maxscript,1%,1%,5.90E-06,0.03714669991,0.0053,0.0055,0.0056,0.01558442212,4.78E-05
autohotkey,20%,44%,5.80E-06,0.9940791475,0.1988,0.4422,0.0005,0.9897984132,5.04E-06
sed,0%,0%,5.66E-06,0.04146897542,0.0009,0.0042,0,0.02890746443,4.61E-07
stata,5%,11%,5.59E-06,0.2499542705,0.05,0.1053,0.0045,0.2383421668,2.76E-07
coldfusion,1%,1%,5.53E-06,0.08724923165,0.0109,0.0123,0.0068,0.03173734011,6.02E-07
gnuplot,0%,0%,5.33E-06,0.03089408982,0.0011,0.0037,0.0001,0.01923835021,6.54E-06
renderscript,2%,3%,4.94E-06,0.1120755318,0.016,0.0271,0.0003,0.05665017441,2.96E-06
gdb,0%,2%,4.85E-06,0.1601093151,0.0038,0.0231,0,0.1501081518,2.53E-06
ragel in ruby host,1%,1%,4.51E-06,0.01125528778,0.01125528778,0.01125528778,0.01125528778,0.01125528778,0.01125528778
mirc script,2%,2%,4.38E-06,0.03110333893,0.0156,0.0219,0.0156,0.0310029301,0.0001004088274
webassembly,2%,4%,4.29E-06,0.165412977,0.0207,0.0397,0.0005,0.1069114769,0.0001649866881
clips,0%,0%,3.98E-06,0.008934689793,0.0022,0.0029,0.0012,0.006491136444,0.0001227763181
limbo,0%,0%,3.76E-06,0.01569467717,0.0026,0.0039,0.0004,0.009394764785,4.86E-06
groff,1%,1%,3.73E-06,0.03731309665,0.0075,0.0094,0.0052,0.02361330219,0.00056702427
xtend,0%,0%,3.67E-06,0.001370415488,0.001370415488,0.001370415488,0.001370415488,0.001370415488,0.001370415488
raml,0%,0%,3.62E-06,0.009518533672,0.0032,0.0045,0.0012,0.008283218557,6.45E-05
emberscript,0%,0%,3.54E-06,0.007430443321,0.0025,0.0032,0.0014,0.006029735827,3.44E-07
newlisp,0%,0%,3.52E-06,0.01896227605,0.0019,0.0035,0.0004,0.01085466692,1.60E-05
ampl,0%,0%,3.38E-06,0.008879710199,0.0011,0.0017,0.0002,0.003857935953,3.95E-06
nextflow,1%,1%,3.36E-06,0.01680084674,0.0084,0.0119,0.0084,0.01678777762,1.31E-05
sas,0%,0%,3.34E-06,0.008929721284,0.0006,0.0007,0.0004,0.002343852786,1.62E-05
liquid,0%,1%,3.32E-06,0.03109432606,0.0031,0.0061,0.0015,0.02014919062,1.65E-06
aspectj,2%,3%,3.31E-06,0.05528167787,0.0184,0.0293,0.0022,0.05219867547,0.0009233184064
applescript,1%,4%,2.82E-06,0.4593109198,0.0148,0.0436,0.0004,0.1891808209,3.55E-06
api blueprint,1%,2%,2.80E-06,0.05315355827,0.0106,0.0177,0.0018,0.04201545505,0.0009983156879
saltstack,0%,1%,2.67E-06,0.01581289351,0.0032,0.0054,0.0007,0.01272231598,9.78E-05
openscad,21%,44%,2.59E-06,1.03530472,0.2071,0.4435,0.0005,1,2.33E-06
vcl,4%,8%,2.47E-06,0.1694144188,0.0424,0.0828,0.0013,0.1665564262,0.0002360853684
brainfuck,1%,2%,2.29E-06,0.08736145461,0.0146,0.0235,0.0027,0.05894996765,9.23E-07
clean,0%,0%,2.12E-06,0.005722596593,0.0014,0.0011,0.001,0.003032896144,0.0006180133497
bison,0%,0%,1.64E-06,0.0003862148588,0.0003862148588,0.0003862148588,0.0003862148588,0.0003862148588,0.0003862148588
apacheconf,1%,2%,1.61E-06,0.058972323,0.0118,0.022,0.0008,0.0509214932,0.000124557328
srecode template,0%,0%,1.42E-06,0.00648950098,0.0032,0.0046,0.0032,0.006476801234,1.27E-05
slice,1%,1%,1.40E-06,0.01128712317,0.01128712317,0.01128712317,0.01128712317,0.01128712317,0.01128712317
puppet,0%,1%,1.21E-06,0.03661283465,0.0033,0.0069,0.0006,0.02348366991,3.48E-05
csound document,0%,0%,1.17E-06,0.003414877031,0.0017,0.002,0.0017,0.003110686769,0.0003041902625
sourcepawn,0%,0%,1.13E-06,0.004002843174,0.0004,0.001,0,0.00330522619,4.88E-07
cap'n proto,0%,0%,1.11E-06,0.01771864863,0.0025,0.0023,0.0025,0.006204526814,1.93E-05
v,0%,1%,9.48E-07,0.01487348212,0.003,0.0061,0.0003,0.01386605976,1.26E-05
cool,0%,0%,9.41E-07,0.002220100961,0.0011,0.0012,0.0011,0.001962051613,0.0002580493477
eiffel,0%,0%,9.38E-07,0.003752518991,0.0013,0.0014,0.0009,0.002825155697,2.63E-06
powerbuilder,2%,2%,9.12E-07,0.02150663292,0.02150663292,0.02150663292,0.02150663292,0.02150663292,0.02150663292
max,0%,0%,7.50E-07,8.22E-05,0,0,0,5.52E-05,5.36E-06
m,0%,0%,7.01E-07,0.002443743988,0.0002,0.0002,0.0002,0.000673062682,7.25E-06
jsoniq,0%,0%,6.78E-07,0.009233190169,0.0023,0.0045,0.0001,0.009066855195,2.80E-08
component pascal,0%,0%,6.78E-07,0.0004458834071,0.0002,0.0001,0.0002,0.0003248706171,0.00012101279
game maker language,0%,0%,6.41E-07,0.004798409312,0.0016,0.0014,0.0021,0.002623874516,5.09E-05
unrealscript,0%,0%,6.23E-07,2.16E-05,2.16E-05,2.16E-05,2.16E-05,2.16E-05,2.16E-05
cobol,0%,0%,5.66E-07,0.01016142319,0.0017,0.0019,0.001,0.004284462161,2.80E-08
asymptote,0%,0%,5.64E-07,0.002726901973,0.002726901973,0.002726901973,0.002726901973,0.002726901973,0.002726901973
augeas,0%,0%,5.48E-07,0.006958005513,0.0035,0.0015,0.0035,0.004513762474,0.00244424304
solidity,0%,0%,5.38E-07,0.001486339252,0.001486339252,0.001486339252,0.001486339252,0.001486339252,0.001486339252
objectscript,0%,0%,5.19E-07,0.0006329491235,0.0006329491235,0.0006329491235,0.0006329491235,0.0006329491235,0.0006329491235
piglatin,0%,0%,5.09E-07,0.01890232815,0.0024,0.0041,0.0005,0.01157328498,2.60E-06
idl,0%,0%,4.66E-07,0.01374891227,0.0017,0.0028,0.0009,0.008374173288,2.25E-05
purebasic,0%,1%,4.60E-07,0.01954387628,0.0039,0.008,0.0002,0.01819014192,2.13E-05
nearley,8%,8%,4.50E-07,0.08023882244,0.08023882244,0.08023882244,0.08023882244,0.08023882244,0.08023882244
rexx,0%,0%,4.23E-07,0.0009431643926,0.0005,0.0005,0.0005,0.0008309865657,0.0001121778268
igor pro,0%,0%,3.85E-07,5.50E-05,0,0,0,4.48E-05,2.40E-06
redcode,0%,0%,3.82E-07,0.001108608975,0.001108608975,0.001108608975,0.001108608975,0.001108608975,0.001108608975
dogescript,6%,8%,3.62E-07,0.1146170151,0.0573,0.078,0.0573,0.1124933827,0.002123632335
abap,0%,0%,3.37E-07,0.01067175497,0.0036,0.0048,0.0016,0.009026130268,6.73E-06
xbase,3%,4%,3.09E-07,0.05135961319,0.0257,0.0362,0.0257,0.05124417155,0.0001154416344
riot,0%,0%,2.76E-07,0.00599773139,0.003,0.0042,0.003,0.005994864837,2.87E-06
xquery,0%,0%,2.58E-07,0.00203738848,0.0005,0.0006,0.0005,0.001015650247,7.98E-07
turing,0%,0%,2.40E-07,8.21E-06,8.21E-06,8.21E-06,8.21E-06,8.21E-06,8.21E-06
smt,0%,0%,2.08E-07,0.0009787176159,0.0003,0.0003,0.0002,0.0006600772716,0.0001360565347
tla,0%,0%,1.82E-07,0.003196334326,0.003196334326,0.003196334326,0.003196334326,0.003196334326,0.003196334326
krl,0%,0%,1.82E-07,6.21E-06,6.21E-06,6.21E-06,6.21E-06,6.21E-06,6.21E-06
lilypond,1%,1%,1.57E-07,0.0231281545,0.0077,0.0131,0.0003,0.02280596464,5.67E-05
bitbake,0%,0%,1.50E-07,0.002600598721,0.0013,0.0017,0.0013,0.002523478701,7.71E-05
fancy,0%,0%,1.49E-07,0.001476231507,0.0007,0.0002,0.0007,0.0008991575035,0.000577074004
shellsession,0%,0%,1.35E-07,0.0006517455383,0.0006517455383,0.0006517455383,0.0006517455383,0.0006517455383,0.0006517455383
agda,0%,0%,1.32E-07,0.007076644202,0.0024,0.0018,0.0016,0.004450485525,0.001010351466
nginx,0%,0%,1.11E-07,0.001566986361,0.0008,0.0007,0.0008,0.001245529941,0.0003214564204
nemerle,0%,0%,1.09E-07,0.002482858493,0.0012,0.0016,0.0012,0.002400627857,8.22E-05
jasmin,0%,0%,9.13E-08,0.007168380666,0.0018,0.0035,0.0001,0.006994136928,9.80E-06
x10,0%,0%,8.27E-08,0.0003998459727,0.0003998459727,0.0003998459727,0.0003998459727,0.0003998459727,0.0003998459727
lsl,0%,0%,7.57E-08,0.001722700201,0.0009,0.0012,0.0009,0.001708139052,1.46E-05
harbour,0%,0%,6.99E-08,6.10E-05,0,0,0,5.86E-05,2.41E-06
pike,0%,0%,6.96E-08,0.001521245478,0.0005,0.0007,0.0001,0.001338811689,4.28E-05
autoit,0%,0%,6.45E-08,0.001206649945,0.0004,0.0005,0.0002,0.0009233184064,6.72E-05
csound score,0%,0%,5.57E-08,2.66E-05,2.66E-05,2.66E-05,2.66E-05,2.66E-05,2.66E-05
slash,0%,0%,5.19E-08,1.87E-05,1.87E-05,1.87E-05,1.87E-05,1.87E-05,1.87E-05
mercury,0%,0%,4.77E-08,0.00379714245,0.0019,0.0027,0.0019,0.003785605466,1.15E-05
modelica,0%,0%,4.73E-08,0.0001635475182,0.0001635475182,0.0001635475182,0.0001635475182,0.0001635475182,0.0001635475182
apl,0%,0%,4.68E-08,0.001715761886,0.0009,0.0005,0.0009,0.001207936763,0.0005078251235
flux,0%,0%,4.60E-08,0.0008611189016,0.0008611189016,0.0008611189016,0.0008611189016,0.0008611189016,0.0008611189016
arduino,0%,0%,4.33E-08,0.003109245395,0.003109245395,0.003109245395,0.003109245395,0.003109245395,0.003109245395
zimpl,0%,0%,3.92E-08,3.60E-05,3.60E-05,3.60E-05,3.60E-05,3.60E-05,3.60E-05
genshi,0%,0%,3.33E-08,6.62E-06,6.62E-06,6.62E-06,6.62E-06,6.62E-06,6.62E-06
myghty,0%,0%,3.29E-08,6.55E-06,6.55E-06,6.55E-06,6.55E-06,6.55E-06,6.55E-06
kit,0%,0%,2.90E-08,1.05E-05,1.05E-05,1.05E-05,1.05E-05,1.05E-05,1.05E-05
rascal,0%,0%,2.60E-08,1.15E-05,0,0,0,8.33E-06,3.13E-06
lolcode,0%,0%,2.52E-08,0.003448037691,0.0017,0.0001,0.0017,0.00180914752,0.001638890171
mask,0%,0%,2.10E-08,4.18E-06,4.18E-06,4.18E-06,4.18E-06,4.18E-06,4.18E-06
cirru,0%,0%,1.83E-08,3.64E-06,3.64E-06,3.64E-06,3.64E-06,3.64E-06,3.64E-06
genie,0%,0%,1.28E-08,0.0006041215244,0.0003,0.0003,0.0003,0.0005078251235,9.63E-05
e,0%,0%,1.06E-08,4.52E-06,0,0,0,3.86E-06,2.13E-07
omgrofl,1%,1%,8.40E-09,0.005516827478,0.005516827478,0.005516827478,0.005516827478,0.005516827478,0.005516827478
purescript,0%,0%,8.37E-09,0.001573914413,0.0008,0.0011,0.0008,0.001569641291,4.27E-06
blitzbasic,0%,0%,8.08E-09,0.00174139381,0.0009,0.0012,0.0009,0.001708139052,3.33E-05
lean,0%,0%,7.49E-09,1.49E-06,1.49E-06,1.49E-06,1.49E-06,1.49E-06,1.49E-06
csound,0%,0%,6.15E-09,0.004039518028,0.004039518028,0.004039518028,0.004039518028,0.004039518028,0.004039518028
xproc,0%,0%,5.55E-09,0.0009118781307,0.0005,0.0006,0.0005,0.0008540695259,5.78E-05
oz,0%,0%,4.89E-09,0.003208531462,0.003208531462,0.003208531462,0.003208531462,0.003208531462,0.003208531462
modula-2,0%,0%,4.82E-09,0.003162365542,0.003162365542,0.003162365542,0.003162365542,0.003162365542,0.003162365542
gosu,0%,0%,3.66E-09,3.53E-05,3.53E-05,3.53E-05,3.53E-05,3.53E-05,3.53E-05
fantom,0%,0%,3.37E-09,0.002215964175,0.002215964175,0.002215964175,0.002215964175,0.002215964175,0.002215964175
modula-3,0%,0%,2.81E-09,0.001846636813,0.001846636813,0.001846636813,0.001846636813,0.001846636813,0.001846636813
golo,0%,0%,2.53E-09,0.001661973131,0.001661973131,0.001661973131,0.001661973131,0.001661973131,0.001661973131
ceylon,0%,0%,1.83E-09,0.001200313928,0.001200313928,0.001200313928,0.001200313928,0.001200313928,0.001200313928
j,0%,0%,1.65E-09,0.001084899127,0.001084899127,0.001084899127,0.001084899127,0.001084899127,0.001084899127
ooc,0%,0%,1.55E-09,0.001015650247,0.001015650247,0.001015650247,0.001015650247,0.001015650247,0.001015650247
chuck,0%,0%,1.37E-09,4.69E-08,4.69E-08,4.69E-08,4.69E-08,4.69E-08,4.69E-08
factor,0%,0%,1.16E-09,0.0007617376852,0.0007617376852,0.0007617376852,0.0007617376852,0.0007617376852,0.0007617376852
ioke,0%,0%,8.44E-10,0.0005539910438,0.0005539910438,0.0005539910438,0.0005539910438,0.0005539910438,0.0005539910438
self,0%,0%,8.44E-10,0.0005539910438,0.0005539910438,0.0005539910438,0.0005539910438,0.0005539910438,0.0005539910438
squirrel,0%,0%,7.73E-10,0.0005078251235,0.0005078251235,0.0005078251235,0.0005078251235,0.0005078251235,0.0005078251235
nit,0%,0%,7.38E-10,0.0004847421633,0.0004847421633,0.0004847421633,0.0004847421633,0.0004847421633,0.0004847421633
tea,0%,0%,7.38E-10,0.0004847421633,0.0004847421633,0.0004847421633,0.0004847421633,0.0004847421633,0.0004847421633
boo,0%,0%,7.03E-10,0.0004616592032,0.0004616592032,0.0004616592032,0.0004616592032,0.0004616592032,0.0004616592032
opa,0%,0%,7.03E-10,0.0004616592032,0.0004616592032,0.0004616592032,0.0004616592032,0.0004616592032,0.0004616592032
ring,0%,0%,7.03E-10,0.0004616592032,0.0004616592032,0.0004616592032,0.0004616592032,0.0004616592032,0.0004616592032
shen,0%,0%,6.68E-10,0.000438576243,0.000438576243,0.000438576243,0.000438576243,0.000438576243,0.000438576243
holyc,0%,0%,5.98E-10,0.0003924103227,0.0003924103227,0.0003924103227,0.0003924103227,0.0003924103227,0.0003924103227
filebench wml,0%,0%,5.27E-10,2.46E-08,2.46E-08,2.46E-08,2.46E-08,2.46E-08,2.46E-08